{"cameraMode":{"drawMode":0,"name":"Shaded","section":"Shading Mode"},"sceneLighting":true,"audioPlay":false,"sceneViewState":{"m_AlwaysRefresh":false,"showFog":true,"showSkybox":true,"showFlares":true,"showImageEffects":true,"showParticleSystems":true,"showVisualEffectGraphs":true,"m_FxEnabled":true},"in2DMode":false,"pivot":{"x":0.3858475089073181,"y":1.2763888835906983,"z":-0.8345987796783447},"rotation":{"x":0.01945035718381405,"y":0.07042807340621948,"z":-0.001373504870571196,"w":0.9973275661468506},"size":7.395980358123779,"orthographic":true}