{"cameraMode":{"drawMode":0,"name":"Shaded","section":"Shading Mode"},"sceneLighting":true,"audioPlay":false,"sceneViewState":{"m_AlwaysRefresh":false,"showFog":true,"showSkybox":true,"showFlares":true,"showImageEffects":true,"showParticleSystems":true,"showVisualEffectGraphs":true,"m_FxEnabled":true},"in2DMode":false,"pivot":{"x":-3.357247829437256,"y":2.546077013015747,"z":-9.246585845947266},"rotation":{"x":0.10034315288066864,"y":0.16928526759147645,"z":-0.017309313639998437,"w":0.9803028702735901},"size":7.948670387268066,"orthographic":true}