{"cameraMode":{"drawMode":0,"name":"Shaded","section":"Shading Mode"},"sceneLighting":true,"audioPlay":false,"sceneViewState":{"m_AlwaysRefresh":false,"showFog":true,"showSkybox":true,"showFlares":true,"showImageEffects":true,"showParticleSystems":true,"showVisualEffectGraphs":true,"m_FxEnabled":true},"in2DMode":false,"pivot":{"x":0.3858475089073181,"y":1.2763888835906983,"z":-0.8345987796783447},"rotation":{"x":0.11551616340875626,"y":0.30044546723365786,"z":-0.03668483346700668,"w":0.9460673332214356},"size":26.111257553100587,"orthographic":true}