{"cameraMode":{"drawMode":0,"name":"Shaded","section":"Shading Mode"},"sceneLighting":true,"audioPlay":false,"sceneViewState":{"m_AlwaysRefresh":false,"showFog":true,"showSkybox":true,"showFlares":true,"showImageEffects":true,"showParticleSystems":true,"showVisualEffectGraphs":true,"m_FxEnabled":true},"in2DMode":false,"pivot":{"x":0.8397433757781982,"y":1.6506648063659669,"z":0.08762550354003906},"rotation":{"x":-0.026905924081802369,"y":0.08237849175930023,"z":0.002215608023107052,"w":0.9962416887283325},"size":4.169309139251709,"orthographic":true}